Type,Name,Request Count,Failure Count,Median Response Time,Average Response Time,Min Response Time,Max Response Time,Average Content Size,Requests/s,Failures/s,50%,66%,75%,80%,90%,95%,98%,99%,99.9%,99.99%,100%
POST,//score,9840,6,1300.0,1283.105743044001,0.6390180005837465,1894.6711440003128,126.67418699186992,166.46825073381316,0.10150503093525194,1300,1300,1300,1300,1300,1400,1500,1500,1800,1900,1900
,Aggregated,9840,6,1300.0,1283.105743044001,0.6390180005837465,1894.6711440003128,126.67418699186992,166.46825073381316,0.10150503093525194,1300,1300,1300,1300,1300,1400,1500,1500,1800,1900,1900
