Type,Name,Request Count,Failure Count,Median Response Time,Average Response Time,Min Response Time,Max Response Time,Average Content Size,Requests/s,Failures/s,50%,66%,75%,80%,90%,95%,98%,99%,99.9%,99.99%,100%
POST,//score,2432,1,5800.0,8065.454250779605,1.944665999872086,25289.052397999967,136.6953125,41.17208026926904,0.016929309321245492,5800,10000,14000,15000,21000,25000,25000,25000,25000,25000,25000
,Aggregated,2432,1,5800.0,8065.454250779605,1.944665999872086,25289.052397999967,136.6953125,41.17208026926904,0.016929309321245492,5800,10000,14000,15000,21000,25000,25000,25000,25000,25000,25000
