Type,Name,Request Count,Failure Count,Median Response Time,Average Response Time,Min Response Time,Max Response Time,Average Content Size,Requests/s,Failures/s,50%,66%,75%,80%,90%,95%,98%,99%,99.9%,99.99%,100%
POST,//score,9816,5,1300.0,1286.097093404957,1.1461390004114946,1674.347330999808,136.6794009779951,166.23424865808806,0.08467514703447843,1300,1300,1300,1300,1300,1400,1500,1500,1600,1700,1700
,Aggregated,9816,5,1300.0,1286.097093404957,1.1461390004114946,1674.347330999808,136.6794009779951,166.23424865808806,0.08467514703447843,1300,1300,1300,1300,1300,1400,1500,1500,1600,1700,1700
